{"Training loss": 0.1846526040178895, "Validation loss": 0.1485521380277976, "Dice score": 0.41028982400894165, "_timestamp": 1665612660.3051696, "_runtime": 36937.50900554657, "_step": 14, "_wandb": {"runtime": 36936}}