{"/work3/s174182/Test_data/vegetativemixAccuracy20220930062912/A4_D3_1/INorm.png": {"dice": 0.638417445046398, "Accuracy": 0.9844582417387602, "Specificity": 0.9857019003701414, "Precision": 0.4935144161537786, "Recall": 0.9037806112122869}, "/work3/s174182/Test_data/vegetativemixAccuracy20220930062912/B3_D2_1/INorm.png": {"dice": 0.4685132494037278, "Accuracy": 0.9801309252805508, "Specificity": 0.9802759162211454, "Precision": 0.30942390927930513, "Recall": 0.9643104842392688}, "/work3/s174182/Test_data/vegetativemixAccuracy20220930062912/A1_D4_1/INorm.png": {"dice": 0.1932928768284901, "Accuracy": 0.9812935530294211, "Specificity": 0.9812806654230507, "Precision": 0.10713776870368445, "Recall": 0.9869562275893394}, "/work3/s174182/Test_data/vegetativemixAccuracy20220930062912/B4_D1_2/INorm.png": {"dice": 0.49877201694060147, "Accuracy": 0.9839349670772641, "Specificity": 0.984048495429017, "Precision": 0.3356600679440869, "Recall": 0.9702675990675629}, "/work3/s174182/Test_data/vegetativemixAccuracy20220930062912/C1_D1_3/INorm.png": {"dice": 0.5306146316051034, "Accuracy": 0.9782961610455735, "Specificity": 0.9796240374243316, "Precision": 0.3790866676414311, "Recall": 0.8839430408331145}, "/work3/s174182/Test_data/vegetativemixAccuracy20220930062912/B2_D3_3/INorm.png": {"dice": 0.3897046301518275, "Accuracy": 0.9830434552706779, "Specificity": 0.9830484564882471, "Precision": 0.24307784842519078, "Recall": 0.9821411650603943}, "/work3/s174182/Test_data/vegetativemixAccuracy20220930062912/B1_D3_2/INorm.png": {"dice": 0.2657739081793286, "Accuracy": 0.9825779740234426, "Specificity": 0.982594853941764, "Precision": 0.1537980829751627, "Recall": 0.9773627671325876}, "/work3/s174182/Test_data/vegetativemixAccuracy20220930062912/A3_D4_3/INorm.png": {"dice": 0.4778907039855228, "Accuracy": 0.9794998986234076, "Specificity": 0.9799837979094452, "Precision": 0.3213366418945478, "Recall": 0.931917646843365}, "/work3/s174182/Test_data/vegetativemixAccuracy20220930062912/C2_D1_1/INorm.png": {"dice": 0.4865216527281373, "Accuracy": 0.9857894259313489, "Specificity": 0.9859091502855034, "Precision": 0.32483522152808386, "Recall": 0.9686824433352503}, "/work3/s174182/Test_data/Vegitative mix_Precision 1 Repeat (20hrs run)/B3_D1_1/INorm.png": {"dice": 0.545032795496483, "Accuracy": 0.9849643412176025, "Specificity": 0.9848761578028, "Precision": 0.3753627234286632, "Recall": 0.9946149904820383}, "/work3/s174182/Test_data/Vegitative mix_Precision 1 Repeat (20hrs run)/C4_D1_6/INorm.png": {"dice": 0.5916526794878871, "Accuracy": 0.982374084019703, "Specificity": 0.9828602023506771, "Precision": 0.4302576095925183, "Recall": 0.9468149332822796}, "/work3/s174182/Test_data/Vegitative mix_Precision 1 Repeat (20hrs run)/C1_D1_3/INorm.png": {"dice": 0.6729219543049847, "Accuracy": 0.9836196380977014, "Specificity": 0.9846638197892815, "Precision": 0.5280934039479969, "Recall": 0.9272064529545171}, "/work3/s174182/Test_data/Vegitative mix_Precision 1 Repeat (20hrs run)/A2_D2_2/INorm.png": {"dice": 0.549845128690875, "Accuracy": 0.9832372675286027, "Specificity": 0.9834218251472722, "Precision": 0.38429041001095227, "Recall": 0.9660070044415301}, "/work3/s174182/Test_data/Vegitative mix_Precision 1 Repeat (20hrs run)/C2_D1_4/INorm.png": {"dice": 0.544985320326669, "Accuracy": 0.984295676637828, "Specificity": 0.9843760872862501, "Precision": 0.37803380971905454, "Recall": 0.9760310445324195}, "/work3/s174182/Test_data/Vegitative mix_Precision 1 Repeat (20hrs run)/A1_D2_1/INorm.png": {"dice": 0.2570083141275516, "Accuracy": 0.9830424106262947, "Specificity": 0.9830877739275572, "Precision": 0.14817200662495056, "Recall": 0.9681139136518933}, "/work3/s174182/Test_data/Vegitative mix_Precision 1 Repeat (20hrs run)/B2_D2_6/INorm.png": {"dice": 0.3531135201884136, "Accuracy": 0.9814259463425786, "Specificity": 0.9813527015734622, "Precision": 0.21460968056200205, "Recall": 0.9957393392957842}, "/work3/s174182/Test_data/Vegitative mix_Precision 1 Repeat (20hrs run)/A3_D2_3/INorm.png": {"dice": 0.5796341771812485, "Accuracy": 0.9821755094123842, "Specificity": 0.9829719376733194, "Precision": 0.4224404072239, "Recall": 0.9231442116390179}, "/work3/s174182/Test_data/Vegitative mix_Precision 1 Repeat (20hrs run)/B1_D2_5/INorm.png": {"dice": 0.46567323919757625, "Accuracy": 0.9810405954645044, "Specificity": 0.9811193463112388, "Precision": 0.30619453709217725, "Recall": 0.9718555732253515}, "/work3/s174182/Test_data/Vegitative mix_Precision 1 Repeat (20hrs run)/A4_D2_4/INorm.png": {"dice": 0.5542360973225562, "Accuracy": 0.9820656066783009, "Specificity": 0.982690119510489, "Precision": 0.3946399654598226, "Recall": 0.9305656351695231}, "/work3/s174182/Test_data/Vegitative mix_Precision 1 Repeat (20hrs run)/C3_D1_5/INorm.png": {"dice": 0.646680670720467, "Accuracy": 0.9852715588407778, "Specificity": 0.985509516432375, "Precision": 0.4854135384935365, "Recall": 0.968412873260744}, "/work3/s174182/Test_data/burkholderiaprecision20220927015835/A2_D2_2/INorm.png": {"dice": 0.38348234230257366, "Accuracy": 0.9859232940365769, "Specificity": 0.9860251021849621, "Precision": 0.2393715046962395, "Recall": 0.9636164442850791}, "/work3/s174182/Test_data/burkholderiaprecision20220927015835/B1_D2_5/INorm.png": {"dice": 0.11974611022423468, "Accuracy": 0.9865650436610656, "Specificity": 0.9865717784938837, "Precision": 0.06377175791518404, "Recall": 0.9793539464582373}, "/work3/s174182/Test_data/burkholderiaprecision20220927015835/B2_D2_6/INorm.png": {"dice": 0.39145269003195804, "Accuracy": 0.9866394284861189, "Specificity": 0.9866060628203694, "Precision": 0.2436962783168659, "Recall": 0.9943266243414124}, "/work3/s174182/Test_data/burkholderiaprecision20220927015835/B3_D1_1/INorm.png": {"dice": 0.5236695498692123, "Accuracy": 0.9871644544631986, "Specificity": 0.9871763425502816, "Precision": 0.35656911808775865, "Recall": 0.9855158295888647}, "/work3/s174182/Test_data/burkholderiaprecision20220927015835/C1_D1_3/INorm.png": {"dice": 0.5893449627733531, "Accuracy": 0.987686592305807, "Specificity": 0.9882683502243224, "Precision": 0.4319460591258726, "Recall": 0.9272186182080514}, "/work3/s174182/Test_data/burkholderiaprecision20220927015835/C4_D1_6/INorm.png": {"dice": 0.1343622905940523, "Accuracy": 0.9763920815832852, "Specificity": 0.9766818213309723, "Precision": 0.0729962211675812, "Recall": 0.8433199926460038}, "/work3/s174182/Test_data/burkholderiaprecision20220927015835/A3_D2_3/INorm.png": {"dice": 0.3872323813048812, "Accuracy": 0.9860626311623994, "Specificity": 0.9863079820377791, "Precision": 0.24423076595388968, "Recall": 0.9342571830838416}, "/work3/s174182/Test_data/burkholderiaprecision20220927015835/A4_D2_4/INorm.png": {"dice": 0.43723505983617794, "Accuracy": 0.9871798476054339, "Specificity": 0.987228319763823, "Precision": 0.28157886508214514, "Recall": 0.9777123658669872}, "/work3/s174182/Test_data/burkholderiaprecision20220927015835/A1_D2_1/INorm.png": {"dice": 0.3598460400279221, "Accuracy": 0.9858297983642774, "Specificity": 0.9858588668774546, "Precision": 0.22044955552947484, "Recall": 0.9787155326023844}, "/work3/s174182/Test_data/burkholderiaprecision20220927015835/B4_D1_2/INorm.png": {"dice": 0.5704197418934358, "Accuracy": 0.9888194169649204, "Specificity": 0.9889498142181842, "Precision": 0.40367283651515945, "Recall": 0.9718773884709372}, "/work3/s174182/Test_data/burkholderiaprecision20220927015835/C2_D1_4/INorm.png": {"dice": 0.3405055209026279, "Accuracy": 0.9863853648271493, "Specificity": 0.9865035738776908, "Precision": 0.20721755370505182, "Recall": 0.954404378514496}, "/work3/s174182/Test_data/burkholderiaprecision20220927015835/C3_D1_5/INorm.png": {"dice": 0.16141475001323022, "Accuracy": 0.9761466823277295, "Specificity": 0.9769106357600276, "Precision": 0.09069336398604981, "Recall": 0.7329893266362489}, "/work3/s174182/Test_data/burkholderiaprecision20220927024705/A2_D4_2/INorm.png": {"dice": 0.08455402519792118, "Accuracy": 0.9774363265436672,