{"/work3/s174182/Test_data/vegetativemixAccuracy20220930062912/A4_D3_1/INorm.png": {"dice": 0.7620486226747164, "Accuracy": 0.9913944653695932, "Specificity": 0.9926847715715608, "Precision": 0.6566817577500328, "Recall": 0.9076907508601314}, "/work3/s174182/Test_data/vegetativemixAccuracy20220930062912/B3_D2_1/INorm.png": {"dice": 0.565434129043857, "Accuracy": 0.9864899214399772, "Specificity": 0.986661037554233, "Precision": 0.39938430608782505, "Recall": 0.967818876299544}, "/work3/s174182/Test_data/vegetativemixAccuracy20220930062912/A1_D4_1/INorm.png": {"dice": 0.27179373673608187, "Accuracy": 0.9879707663028815, "Specificity": 0.9879692875225538, "Precision": 0.15755448119411913, "Recall": 0.9886205263512633}, "/work3/s174182/Test_data/vegetativemixAccuracy20220930062912/B4_D1_2/INorm.png": {"dice": 0.6495082215994317, "Accuracy": 0.9913427554726231, "Specificity": 0.9914892222259808, "Precision": 0.48726936098574286, "Recall": 0.9737100233099869}, "/work3/s174182/Test_data/vegetativemixAccuracy20220930062912/C1_D1_3/INorm.png": {"dice": 0.6405529075309768, "Accuracy": 0.9860978725479163, "Specificity": 0.9874142198340817, "Precision": 0.4995167932915979, "Recall": 0.8925639595122142}, "/work3/s174182/Test_data/vegetativemixAccuracy20220930062912/B2_D3_3/INorm.png": {"dice": 0.5302000114171977, "Accuracy": 0.9903914838623489, "Specificity": 0.9904290574443775, "Precision": 0.3629104070909222, "Recall": 0.9836126795497955}, "/work3/s174182/Test_data/vegetativemixAccuracy20220930062912/B1_D3_2/INorm.png": {"dice": 0.3785883495431268, "Accuracy": 0.9896191844147907, "Specificity": 0.9896498229129639, "Precision": 0.23460223387280066, "Recall": 0.9801531370232581}, "/work3/s174182/Test_data/vegetativemixAccuracy20220930062912/A3_D4_3/INorm.png": {"dice": 0.579856688727418, "Accuracy": 0.986367974570652, "Specificity": 0.9868963629531478, "Precision": 0.42035611461898126, "Recall": 0.9344110699439991}, "/work3/s174182/Test_data/vegetativemixAccuracy20220930062912/C2_D1_1/INorm.png": {"dice": 0.6731457894366546, "Accuracy": 0.993432197863266, "Specificity": 0.9935743779803208, "Precision": 0.5145360321085249, "Recall": 0.973116592027331}, "/work3/s174182/Test_data/Vegitative mix_Precision 1 Repeat (20hrs run)/B3_D1_1/INorm.png": {"dice": 0.6971155620588043, "Accuracy": 0.9921836327514572, "Specificity": 0.9921725470722136, "Precision": 0.536965301698039, "Recall": 0.9933968314291485}, "/work3/s174182/Test_data/Vegitative mix_Precision 1 Repeat (20hrs run)/C4_D1_6/INorm.png": {"dice": 0.7220456166221397, "Accuracy": 0.9901083237848228, "Specificity": 0.9906202879766305, "Precision": 0.5813229939818332, "Recall": 0.9526585698695957}, "/work3/s174182/Test_data/Vegitative mix_Precision 1 Repeat (20hrs run)/C1_D1_3/INorm.png": {"dice": 0.8074029379175612, "Accuracy": 0.9919090141780057, "Specificity": 0.9929954111157144, "Precision": 0.7114836803666766, "Recall": 0.9332150990479672}, "/work3/s174182/Test_data/Vegitative mix_Precision 1 Repeat (20hrs run)/A2_D2_2/INorm.png": {"dice": 0.6965633748833416, "Accuracy": 0.9910486880787426, "Specificity": 0.9912797752514845, "Precision": 0.5435514073380449, "Recall": 0.9694744349479604}, "/work3/s174182/Test_data/Vegitative mix_Precision 1 Repeat (20hrs run)/C2_D1_4/INorm.png": {"dice": 0.7116881010311584, "Accuracy": 0.9923543706584464, "Specificity": 0.9924811717504852, "Precision": 0.5589387172739513, "Recall": 0.9793217139540652}, "/work3/s174182/Test_data/Vegitative mix_Precision 1 Repeat (20hrs run)/A1_D2_1/INorm.png": {"dice": 0.36536526406436365, "Accuracy": 0.9897880173820223, "Specificity": 0.9898471910444777, "Precision": 0.22505386765023605, "Recall": 0.9703147026905437}, "/work3/s174182/Test_data/Vegitative mix_Precision 1 Repeat (20hrs run)/B2_D2_6/INorm.png": {"dice": 0.46324616554304576, "Accuracy": 0.9882434492117406, "Specificity": 0.988201292605701, "Precision": 0.30176579382136093, "Recall": 0.9964816357074147}, "/work3/s174182/Test_data/Vegitative mix_Precision 1 Repeat (20hrs run)/A3_D2_3/INorm.png": {"dice": 0.7140118782571969, "Accuracy": 0.9901213818396132, "Specificity": 0.9909816357164751, "Precision": 0.5808620597331505, "Recall": 0.9263593266030353}, "/work3/s174182/Test_data/Vegitative mix_Precision 1 Repeat (20hrs run)/B1_D2_5/INorm.png": {"dice": 0.5816341131474555, "Accuracy": 0.9880520642157651, "Specificity": 0.9881469268891705, "Precision": 0.41407289967294847, "Recall": 0.9769878560069041}, "/work3/s174182/Test_data/Vegitative mix_Precision 1 Repeat (20hrs run)/A4_D2_4/INorm.png": {"dice": 0.6558995540708162, "Accuracy": 0.988233340741091, "Specificity": 0.9888667509821338, "Precision": 0.504828452322657, "Recall": 0.9359996512382085}, "/work3/s174182/Test_data/Vegitative mix_Precision 1 Repeat (20hrs run)/C3_D1_5/INorm.png": {"dice": 0.793002736963404, "Accuracy": 0.9929358688818903, "Specificity": 0.9932287259035653, "Precision": 0.669589900854306, "Recall": 0.9721876993648806}, "/work3/s174182/Test_data/burkholderiaprecision20220927015835/A2_D2_2/INorm.png": {"dice": 0.5808458924710087, "Accuracy": 0.993662879922952, "Specificity": 0.9937870481061626, "Precision": 0.41518813026032847, "Recall": 0.9664567962182089}, "/work3/s174182/Test_data/burkholderiaprecision20220927015835/B1_D2_5/INorm.png": {"dice": 0.2162618420906416, "Accuracy": 0.9934955217477909, "Specificity": 0.9935251517133158, "Precision": 0.12182791931527595, "Recall": 0.9617702262172078}, "/work3/s174182/Test_data/burkholderiaprecision20220927015835/B2_D2_6/INorm.png": {"dice": 0.6229363503239516, "Accuracy": 0.9948021875222083, "Specificity": 0.994807831217037, "Precision": 0.4537080928045774, "Recall": 0.9935019231178687}, "/work3/s174182/Test_data/burkholderiaprecision20220927015835/B3_D1_1/INorm.png": {"dice": 0.7183161218755202, "Accuracy": 0.9944527847008512, "Specificity": 0.9944997745246105, "Precision": 0.5643091073109369, "Recall": 0.987936295399785}, "/work3/s174182/Test_data/burkholderiaprecision20220927015835/C1_D1_3/INorm.png": {"dice": 0.7853326078084507, "Accuracy": 0.9951515596187306, "Specificity": 0.9957718214886809, "Precision": 0.6792508330352445, "Recall": 0.930681481099316}, "/work3/s174182/Test_data/burkholderiaprecision20220927015835/C4_D1_6/INorm.png": {"dice": 0.18182933995308004, "Accuracy": 0.9836152751711597, "Specificity": 0.9839322889804084, "Precision": 0.10197805450577718, "Recall": 0.8380167159280963}, "/work3/s174182/Test_data/burkholderiaprecision20220927015835/A3_D2_3/INorm.png": {"dice": 0.5919534550485339, "Accuracy": 0.9939103991921089, "Specificity": 0.9941795502776861, "Precision": 0.4326197383150441, "Recall": 0.9370795744902136}, "/work3/s174182/Test_data/burkholderiaprecision20220927015835/A4_D2_4/INorm.png": {"dice": 0.6523459513662441, "Accuracy": 0.9946738806120793, "Specificity": 0.9947438595030553, "Precision": 0.488640119217142, "Recall": 0.9810057483396779}, "/work3/s174182/Test_data/burkholderiaprecision20220927015835/A1_D2_1/INorm.png": {"dice": 0.5397328729029415, "Accuracy": 0.993185600339153, "Specificity": 0.9932319213641218, "Precision": 0.3721553184669521, "Recall": 0.9818489323788935}, "/work3/s174182/Test_data/burkholderiaprecision20220927015835/B4_D1_2/INorm.png": {"dice": 0.8078462756867024, "Accuracy": 0.9964589935140181, "Specificity": 0.996627631777466, "Precision": 0.689844384014104, "Recall": 0.9745484532764401}, "/work3/s174182/Test_data/burkholderiaprecision20220927015835/C2_D1_4/INorm.png": {"dice": 0.5901726959949075, "Accuracy": 0.9950994810237429, "Specificity": 0.9952360530017125, "Precision": 0.4264099241431134, "Recall": 0.9581504780656311}, "/work3/s174182/Test_data/burkholderiaprecision20220927015835/C3_D1_5/INorm.png": {"dice": 0.21919238616360504, "Accuracy": 0.9835499541723727, "Specificity": 0.9843238524242157, "Precision": 0.1287337498265541, "Recall": 0.7372272798618018}, "/work3/s174182/Test_data/burkholderiaprecision20220927024705/A2_D4_2/INorm.png": {"dice": 0.11868804517194902, "Accuracy": 0.9844815311635393,