{"/work3/s174182/Test_data/vegetativemixAccuracy20220930062912/A4_D3_1/INorm.png": {"dice": 0.8917135470784477, "Accuracy": 0.9969228770698438, "Specificity": 0.9994256050965307, "Precision": 0.9572603541092377, "Recall": 0.834567901234551}, "/work3/s174182/Test_data/vegetativemixAccuracy20220930062912/B3_D2_1/INorm.png": {"dice": 0.9050915000935182, "Accuracy": 0.9983008859106692, "Specificity": 0.9992740776643876, "Precision": 0.918453500522434, "Recall": 0.8921127151300374}, "/work3/s174182/Test_data/vegetativemixAccuracy20220930062912/A1_D4_1/INorm.png": {"dice": 0.8801617441490205, "Accuracy": 0.9993862714248498, "Specificity": 0.9994018425614143, "Precision": 0.7906400224190228, "Recall": 0.9925444827818155}, "/work3/s174182/Test_data/vegetativemixAccuracy20220930062912/B4_D1_2/INorm.png": {"dice": 0.930887191252104, "Accuracy": 0.9988272637804801, "Specificity": 0.9991605955059838, "Precision": 0.9046440914177604, "Recall": 0.9586983682983325}, "/work3/s174182/Test_data/vegetativemixAccuracy20220930062912/C1_D1_3/INorm.png": {"dice": 0.8247463726309305, "Accuracy": 0.995753366957978, "Specificity": 0.9996340893731095, "Precision": 0.965147715638094, "Recall": 0.7200061103583698}, "/work3/s174182/Test_data/vegetativemixAccuracy20220930062912/B2_D3_3/INorm.png": {"dice": 0.9303750854857981, "Accuracy": 0.9991867136228172, "Specificity": 0.9992610501244545, "Precision": 0.8808704357657214, "Recall": 0.9857753599357334}, "/work3/s174182/Test_data/vegetativemixAccuracy20220930062912/B1_D3_2/INorm.png": {"dice": 0.913488841121951, "Accuracy": 0.9993990222312922, "Specificity": 0.9994505571904923, "Precision": 0.8528003038960764, "Recall": 0.9834768199305757}, "/work3/s174182/Test_data/vegetativemixAccuracy20220930062912/A3_D4_3/INorm.png": {"dice": 0.8960672777466524, "Accuracy": 0.9980497718358405, "Specificity": 0.9997071320515071, "Precision": 0.966664311453368, "Recall": 0.8350800520047843}, "/work3/s174182/Test_data/vegetativemixAccuracy20220930062912/C2_D1_1/INorm.png": {"dice": 0.9375138652665624, "Accuracy": 0.9991172754961669, "Specificity": 0.9994413188649447, "Precision": 0.9226955728798362, "Recall": 0.9528158833593007}, "/work3/s174182/Test_data/Vegitative mix_Precision 1 Repeat (20hrs run)/B3_D1_1/INorm.png": {"dice": 0.9418429535018508, "Accuracy": 0.9989345241787705, "Specificity": 0.9993559209846229, "Precision": 0.9311182956146586, "Recall": 0.9528175442048898}, "/work3/s174182/Test_data/Vegitative mix_Precision 1 Repeat (20hrs run)/C4_D1_6/INorm.png": {"dice": 0.8648664632854016, "Accuracy": 0.9966302230183641, "Specificity": 0.999324000712345, "Precision": 0.941758592653588, "Recall": 0.7995826299326148}, "/work3/s174182/Test_data/Vegitative mix_Precision 1 Repeat (20hrs run)/C1_D1_3/INorm.png": {"dice": 0.8380184504756893, "Accuracy": 0.9948285187056327, "Specificity": 0.9996172800408565, "Precision": 0.9726780228986099, "Recall": 0.7361098665891087}, "/work3/s174182/Test_data/Vegitative mix_Precision 1 Repeat (20hrs run)/A2_D2_2/INorm.png": {"dice": 0.8887501960071837, "Accuracy": 0.9977983505126639, "Specificity": 0.9995975720417931, "Precision": 0.9566856627170159, "Recall": 0.8298233813825413}, "/work3/s174182/Test_data/Vegitative mix_Precision 1 Repeat (20hrs run)/C2_D1_4/INorm.png": {"dice": 0.9381566723484543, "Accuracy": 0.9988239454983217, "Specificity": 0.9995348916139546, "Precision": 0.9508975799240488, "Recall": 0.9257526768575087}, "/work3/s174182/Test_data/Vegitative mix_Precision 1 Repeat (20hrs run)/A1_D2_1/INorm.png": {"dice": 0.884621729519243, "Accuracy": 0.999247886768906, "Specificity": 0.9993922651252634, "Precision": 0.8263503636779181, "Recall": 0.9517347694241487}, "/work3/s174182/Test_data/Vegitative mix_Precision 1 Repeat (20hrs run)/B2_D2_6/INorm.png": {"dice": 0.9480770745970466, "Accuracy": 0.9994533130143856, "Specificity": 0.9995511292504096, "Precision": 0.9178716118861041, "Recall": 0.9803381974869958}, "/work3/s174182/Test_data/Vegitative mix_Precision 1 Repeat (20hrs run)/A3_D2_3/INorm.png": {"dice": 0.8888571211919571, "Accuracy": 0.9972529232452763, "Specificity": 0.9995745117464679, "Precision": 0.9631881676252821, "Recall": 0.8251766812996906}, "/work3/s174182/Test_data/Vegitative mix_Precision 1 Repeat (20hrs run)/B1_D2_5/INorm.png": {"dice": 0.9433864891365878, "Accuracy": 0.9990562559742521, "Specificity": 0.9996914808395994, "Precision": 0.9625539725285109, "Recall": 0.9249674714471257}, "/work3/s174182/Test_data/Vegitative mix_Precision 1 Repeat (20hrs run)/A4_D2_4/INorm.png": {"dice": 0.8527137318185916, "Accuracy": 0.9968311941627975, "Specificity": 0.9996351028904736, "Precision": 0.9621830323187479, "Recall": 0.7656090124143606}, "/work3/s174182/Test_data/Vegitative mix_Precision 1 Repeat (20hrs run)/C3_D1_5/INorm.png": {"dice": 0.9315604196915216, "Accuracy": 0.9981578003550009, "Specificity": 0.9995321861185091, "Precision": 0.964511866802476, "Recall": 0.9007860909799117}, "/work3/s174182/Test_data/burkholderiaprecision20220927015835/A2_D2_2/INorm.png": {"dice": 0.9339337390830099, "Accuracy": 0.9993743194641121, "Specificity": 0.9994928561578204, "Precision": 0.8975412647239832, "Recall": 0.973402132968981}, "/work3/s174182/Test_data/burkholderiaprecision20220927015835/B1_D2_5/INorm.png": {"dice": 0.6963277197106263, "Accuracy": 0.9992697935761191, "Specificity": 0.9993650933652576, "Precision": 0.5689349174199635, "Recall": 0.8972307287033168}, "/work3/s174182/Test_data/burkholderiaprecision20220927015835/B2_D2_6/INorm.png": {"dice": 0.9136894560602963, "Accuracy": 0.999195378026231, "Specificity": 0.9992549289175338, "Precision": 0.8516518287774653, "Recall": 0.98547530517493}, "/work3/s174182/Test_data/burkholderiaprecision20220927015835/B3_D1_1/INorm.png": {"dice": 0.9180837328271759, "Accuracy": 0.9987641242449641, "Specificity": 0.9989905906885779, "Precision": 0.8735858928398073, "Recall": 0.9673580444009146}, "/work3/s174182/Test_data/burkholderiaprecision20220927015835/C1_D1_3/INorm.png": {"dice": 0.9008616111516864, "Accuracy": 0.9981072272769185, "Specificity": 0.999027478305625, "Precision": 0.8992726010936397, "Recall": 0.902456246695097}, "/work3/s174182/Test_data/burkholderiaprecision20220927015835/C4_D1_6/INorm.png": {"dice": 0.6044673267326254, "Accuracy": 0.9984657246493767, "Specificity": 0.9994647781070779, "Precision": 0.6870307351589537, "Recall": 0.5396190126005092}, "/work3/s174182/Test_data/burkholderiaprecision20220927015835/A3_D2_3/INorm.png": {"dice": 0.9106075480607637, "Accuracy": 0.9991159236034357, "Specificity": 0.999323538069081, "Precision": 0.8699278201200898, "Recall": 0.9552784585700999}, "/work3/s174182/Test_data/burkholderiaprecision20220927015835/A4_D2_4/INorm.png": {"dice": 0.9410841356215716, "Accuracy": 0.9993772690482531, "Specificity": 0.999494922574456, "Precision": 0.9082360334176307, "Recall": 0.9763974256123232}, "/work3/s174182/Test_data/burkholderiaprecision20220927015835/A1_D2_1/INorm.png": {"dice": 0.9207868305543253, "Accuracy": 0.9993113335527701, "Specificity": 0.9993755267123058, "Precision": 0.8655141714391441, "Recall": 0.9836006161093757}, "/work3/s174182/Test_data/burkholderiaprecision20220927015835/B4_D1_2/INorm.png": {"dice": 0.940447492149156, "Accuracy": 0.9990671632906064, "Specificity": 0.9993343317531398, "Precision": 0.9176967335173002, "Recall": 0.9643549619855599}, "/work3/s174182/Test_data/burkholderiaprecision20220927015835/C2_D1_4/INorm.png": {"dice": 0.8687517957558236, "Accuracy": 0.9990175426824028, "Specificity": 0.9994466048971439, "Precision": 0.8550156739811222, "Recall": 0.8829364748284735}, "/work3/s174182/Test_data/burkholderiaprecision20220927015835/C3_D1_5/INorm.png": {"dice": 0.5954668150994082, "Accuracy": 0.9979233391406344, "Specificity": 0.9995254126017776, "Precision": 0.7636277113426211, "Recall": 0.4880022759377955}, "/work3/s174182/Test_data/burkholderiaprecision20220927024705/A2_D4_2/INorm.png": {"dice": 0.7918032999363872, "Accuracy": 0.9995064669785914,