{"Training loss": 1.038051141274942, "Validation loss": 1.036373421549797, "Dice score": 0.0, "_timestamp": 1665574358.2281978, "_runtime": 156.39804673194885, "_step": 14, "_wandb": {"runtime": 155}}