{"/work3/s174182/Test_data/vegetativemixAccuracy20220930062912/A4_D3_1/INorm.png": {"dice": 0.924607726516903, "Accuracy": 0.9978170312122229, "Specificity": 0.9996062753961336, "Precision": 0.9718486429573431, "Recall": 0.8817466099979583}, "/work3/s174182/Test_data/vegetativemixAccuracy20220930062912/B3_D2_1/INorm.png": {"dice": 0.9309009293552224, "Accuracy": 0.9987967847443575, "Specificity": 0.9997714206621331, "Precision": 0.9728130992771437, "Recall": 0.8924510364473253}, "/work3/s174182/Test_data/vegetativemixAccuracy20220930062912/A1_D4_1/INorm.png": {"dice": 0.9489752420647435, "Accuracy": 0.9997683040207656, "Specificity": 0.9998841809037002, "Precision": 0.9490972579377759, "Recall": 0.9488532575602532}, "/work3/s174182/Test_data/vegetativemixAccuracy20220930062912/B4_D1_2/INorm.png": {"dice": 0.9443553752566252, "Accuracy": 0.9991031727969932, "Specificity": 0.9997289245498192, "Precision": 0.9658784258060114, "Recall": 0.9237706293705948}, "/work3/s174182/Test_data/vegetativemixAccuracy20220930062912/C1_D1_3/INorm.png": {"dice": 0.9351029754400242, "Accuracy": 0.998209663876145, "Specificity": 0.9991779162218578, "Precision": 0.9408662638505185, "Recall": 0.929409863358197}, "/work3/s174182/Test_data/vegetativemixAccuracy20220930062912/B2_D3_3/INorm.png": {"dice": 0.9171967651925835, "Accuracy": 0.9991037258440196, "Specificity": 0.9996501125787877, "Precision": 0.9344944067188242, "Recall": 0.9005278500838372}, "/work3/s174182/Test_data/vegetativemixAccuracy20220930062912/B1_D3_2/INorm.png": {"dice": 0.9267989584976661, "Accuracy": 0.9995439205522137, "Specificity": 0.9998825594892438, "Precision": 0.9610349764777091, "Recall": 0.8949182888270071}, "/work3/s174182/Test_data/vegetativemixAccuracy20220930062912/A3_D4_3/INorm.png": {"dice": 0.9460963238981384, "Accuracy": 0.9989564002611488, "Specificity": 0.9998639635207454, "Precision": 0.9855089234349774, "Recall": 0.9097148891235203}, "/work3/s174182/Test_data/vegetativemixAccuracy20220930062912/C2_D1_1/INorm.png": {"dice": 0.9263093582869475, "Accuracy": 0.9989920103446832, "Specificity": 0.9996038459736806, "Precision": 0.9415342465752994, "Recall": 0.9115690166622791}, "/work3/s174182/Test_data/Vegitative mix_Precision 1 Repeat (20hrs run)/B3_D1_1/INorm.png": {"dice": 0.9571761364431156, "Accuracy": 0.9992476716950625, "Specificity": 0.9998937128549213, "Precision": 0.9876279878878078, "Recall": 0.9285459795661138}, "/work3/s174182/Test_data/Vegitative mix_Precision 1 Repeat (20hrs run)/C4_D1_6/INorm.png": {"dice": 0.8987550669457698, "Accuracy": 0.9972196789740215, "Specificity": 0.9983431554893039, "Precision": 0.8830412185276516, "Recall": 0.9150383082842738}, "/work3/s174182/Test_data/Vegitative mix_Precision 1 Repeat (20hrs run)/C1_D1_3/INorm.png": {"dice": 0.93836736944653, "Accuracy": 0.9977335518360685, "Specificity": 0.998628247799751, "Precision": 0.9275915326610186, "Recall": 0.949396514849996}, "/work3/s174182/Test_data/Vegitative mix_Precision 1 Repeat (20hrs run)/A2_D2_2/INorm.png": {"dice": 0.9541916994325683, "Accuracy": 0.9990467620002986, "Specificity": 0.9997134342774647, "Precision": 0.9722345082817778, "Recall": 0.9368063689392174}, "/work3/s174182/Test_data/Vegitative mix_Precision 1 Repeat (20hrs run)/C2_D1_4/INorm.png": {"dice": 0.8948451483565414, "Accuracy": 0.9979306823761518, "Specificity": 0.9987496489272426, "Precision": 0.8767002172117087, "Recall": 0.9137570389076727}, "/work3/s174182/Test_data/Vegitative mix_Precision 1 Repeat (20hrs run)/A1_D2_1/INorm.png": {"dice": 0.918431993664573, "Accuracy": 0.9995189719863553, "Specificity": 0.9998398686405103, "Precision": 0.944330758434389, "Recall": 0.893915883205962}, "/work3/s174182/Test_data/Vegitative mix_Precision 1 Repeat (20hrs run)/B2_D2_6/INorm.png": {"dice": 0.9461007957559386, "Accuracy": 0.999469320653317, "Specificity": 0.9999024435708318, "Precision": 0.9795861658954571, "Recall": 0.9148290304280626}, "/work3/s174182/Test_data/Vegitative mix_Precision 1 Repeat (20hrs run)/A3_D2_3/INorm.png": {"dice": 0.9238195560189854, "Accuracy": 0.9980201838199272, "Specificity": 0.9993187952990146, "Precision": 0.946977684381953, "Recall": 0.90176704380217}, "/work3/s174182/Test_data/Vegitative mix_Precision 1 Repeat (20hrs run)/B1_D2_5/INorm.png": {"dice": 0.9771291302179943, "Accuracy": 0.9996124062089852, "Specificity": 0.9998321985482552, "Precision": 0.9803015696902097, "Recall": 0.9739771577273032}, "/work3/s174182/Test_data/Vegitative mix_Precision 1 Repeat (20hrs run)/A4_D2_4/INorm.png": {"dice": 0.964182284906983, "Accuracy": 0.9991571563317386, "Specificity": 0.9997915229058917, "Precision": 0.9821667504595045, "Recall": 0.9468446035527297}, "/work3/s174182/Test_data/Vegitative mix_Precision 1 Repeat (20hrs run)/C3_D1_5/INorm.png": {"dice": 0.8917287767775688, "Accuracy": 0.9968421936536563, "Specificity": 0.9977249613322877, "Precision": 0.8528676846937082, "Recall": 0.9343003657828364}, "/work3/s174182/Test_data/burkholderiaprecision20220927015835/A2_D2_2/INorm.png": {"dice": 0.6918472546682083, "Accuracy": 0.9970373578043124, "Specificity": 0.9982468644491639, "Precision": 0.6558493492643988, "Recall": 0.7320263205945308}, "/work3/s174182/Test_data/burkholderiaprecision20220927015835/B1_D2_5/INorm.png": {"dice": 0.7192929957905482, "Accuracy": 0.9995676708495149, "Specificity": 0.9999467963924383, "Precision": 0.9124405304175967, "Recall": 0.5936316638675644}, "/work3/s174182/Test_data/burkholderiaprecision20220927015835/B2_D2_6/INorm.png": {"dice": 0.6764477372331413, "Accuracy": 0.9976840541272041, "Specificity": 0.9995829515146185, "Precision": 0.853591160220902, "Recall": 0.5601925250786978}, "/work3/s174182/Test_data/burkholderiaprecision20220927015835/B3_D1_1/INorm.png": {"dice": 0.6131289961613174, "Accuracy": 0.9959528325855063, "Specificity": 0.9999043756584615, "Precision": 0.9712477900808625, "Recall": 0.44795783926216787}, "/work3/s174182/Test_data/burkholderiaprecision20220927015835/C1_D1_3/INorm.png": {"dice": 0.7419129396891062, "Accuracy": 0.9959606674183805, "Specificity": 0.9996810168548605, "Precision": 0.9483904319283223, "Recall": 0.6092671885680189}, "/work3/s174182/Test_data/burkholderiaprecision20220927015835/C4_D1_6/INorm.png": {"dice": 0.6446648512253825, "Accuracy": 0.9982520026985008, "Specificity": 0.9988364112235861, "Precision": 0.5772900656620942, "Recall": 0.7298440129540341}, "/work3/s174182/Test_data/burkholderiaprecision20220927015835/A3_D2_3/INorm.png": {"dice": 0.6315139453890769, "Accuracy": 0.9961314974998741, "Specificity": 0.997518548834343, "Precision": 0.5730531034555715, "Recall": 0.7032578088334526}, "/work3/s174182/Test_data/burkholderiaprecision20220927015835/A4_D2_4/INorm.png": {"dice": 0.8083583604255056, "Accuracy": 0.9980041147313262, "Specificity": 0.9988828076461955, "Precision": 0.7911063119661857, "Recall": 0.8263796316960421}, "/work3/s174182/Test_data/burkholderiaprecision20220927015835/A1_D2_1/INorm.png": {"dice": 0.6160067901542543, "Accuracy": 0.9966917341376358, "Specificity": 0.9980997403107993, "Precision": 0.583703923980442, "Recall": 0.6520944701156223}, "/work3/s174182/Test_data/burkholderiaprecision20220927015835/B4_D1_2/INorm.png": {"dice": 0.7296546405512915, "Accuracy": 0.9966395633681436, "Specificity": 0.9997406061129209, "Precision": 0.9462859194480524, "Recall": 0.5937326521581482}, "/work3/s174182/Test_data/burkholderiaprecision20220927015835/C2_D1_4/INorm.png": {"dice": 0.7225123140556734, "Accuracy": 0.9979263808992797, "Specificity": 0.9989053601242143, "Precision": 0.7122568093384637, "Recall": 0.7330674631646839}, "/work3/s174182/Test_data/burkholderiaprecision20220927015835/C3_D1_5/INorm.png": {"dice": 0.6842394160583541, "Accuracy": 0.99833858528297, "Specificity": 0.9996694100251113, "Precision": 0.8452549268544818, "Recall": 0.5747527860617864}, "/work3/s174182/Test_data/burkholderiaprecision20220927024705/A2_D4_2/INorm.png": {"dice": 0.35380710659893755, "Accuracy": 0.9985137168413358,