{"/work3/s174182/Test_data/vegetativemixAccuracy20220930062912/A4_D3_1/INorm.png": {"dice": 0.5976180783182928, "Accuracy": 0.9911628308400283, "Specificity": 0.9997781165306894, "Precision": 0.9677754065454633, "Recall": 0.43227889091276195}, "/work3/s174182/Test_data/vegetativemixAccuracy20220930062912/B3_D2_1/INorm.png": {"dice": 0.4916150928328885, "Accuracy": 0.9937407366543377, "Specificity": 0.999794024343265, "Precision": 0.9368193793214065, "Recall": 0.3332464975285515}, "/work3/s174182/Test_data/vegetativemixAccuracy20220930062912/A1_D4_1/INorm.png": {"dice": 0.9108649362550261, "Accuracy": 0.9995935718852522, "Specificity": 0.9997871774064008, "Precision": 0.9072336541428869, "Recall": 0.914525404235043}, "/work3/s174182/Test_data/vegetativemixAccuracy20220930062912/B4_D1_2/INorm.png": {"dice": 0.76243567753, "Accuracy": 0.9967659038888455, "Specificity": 0.9998127255889893, "Precision": 0.9654482581234622, "Recall": 0.6299673659673425}, "/work3/s174182/Test_data/vegetativemixAccuracy20220930062912/C1_D1_3/INorm.png": {"dice": 0.3593017313261481, "Accuracy": 0.9890221701497722, "Specificity": 0.9998196618947169, "Precision": 0.9453823143630034, "Recall": 0.22179936771073602}, "/work3/s174182/Test_data/vegetativemixAccuracy20220930062912/B2_D3_3/INorm.png": {"dice": 0.7337194828473027, "Accuracy": 0.9975352230274279, "Specificity": 0.9996497727322858, "Precision": 0.9069736906890884, "Recall": 0.6160406227181427}, "/work3/s174182/Test_data/vegetativemixAccuracy20220930062912/B1_D3_2/INorm.png": {"dice": 0.8976232193943269, "Accuracy": 0.9993644875169758, "Specificity": 0.9998040500454393, "Precision": 0.9344868808870155, "Recall": 0.8635575787588222}, "/work3/s174182/Test_data/vegetativemixAccuracy20220930062912/A3_D4_3/INorm.png": {"dice": 0.5268505496397805, "Accuracy": 0.993415514277969, "Specificity": 0.999815110812932, "Precision": 0.9524470946986172, "Recall": 0.36413743430729334}, "/work3/s174182/Test_data/vegetativemixAccuracy20220930062912/C2_D1_1/INorm.png": {"dice": 0.8403024178456261, "Accuracy": 0.9980335491230656, "Specificity": 0.9998085750577288, "Precision": 0.9645588327957699, "Recall": 0.7444064739454752}, "/work3/s174182/Test_data/Vegitative mix_Precision 1 Repeat (20hrs run)/B3_D1_1/INorm.png": {"dice": 0.625708446958357, "Accuracy": 0.9948846529788142, "Specificity": 0.9996607058843078, "Precision": 0.9270972125992026, "Recall": 0.47220120322895376}, "/work3/s174182/Test_data/Vegitative mix_Precision 1 Repeat (20hrs run)/C4_D1_6/INorm.png": {"dice": 0.5996287456907888, "Accuracy": 0.9921139795509633, "Specificity": 0.9996907626386947, "Precision": 0.9508783907465479, "Recall": 0.43787861183443627}, "/work3/s174182/Test_data/Vegitative mix_Precision 1 Repeat (20hrs run)/C1_D1_3/INorm.png": {"dice": 0.5634250309194107, "Accuracy": 0.9888289416637086, "Specificity": 0.9997898326046109, "Precision": 0.9721707710220913, "Recall": 0.3966534850654476}, "/work3/s174182/Test_data/Vegitative mix_Precision 1 Repeat (20hrs run)/A2_D2_2/INorm.png": {"dice": 0.6800949320626039, "Accuracy": 0.9947113034608669, "Specificity": 0.999683995146021, "Precision": 0.9473141939992779, "Recall": 0.5304617828854898}, "/work3/s174182/Test_data/Vegitative mix_Precision 1 Repeat (20hrs run)/C2_D1_4/INorm.png": {"dice": 0.7343468591921927, "Accuracy": 0.995830578467833, "Specificity": 0.9997006516264039, "Precision": 0.9510724608285102, "Recall": 0.5980632242182875}, "/work3/s174182/Test_data/Vegitative mix_Precision 1 Repeat (20hrs run)/A1_D2_1/INorm.png": {"dice": 0.8266514142645486, "Accuracy": 0.9990129339571827, "Specificity": 0.9996879657400247, "Precision": 0.8832516575380936, "Recall": 0.7768683887586559}, "/work3/s174182/Test_data/Vegitative mix_Precision 1 Repeat (20hrs run)/B2_D2_6/INorm.png": {"dice": 0.7881173993739166, "Accuracy": 0.998119947358526, "Specificity": 0.9997131365398729, "Precision": 0.9245348931675259, "Recall": 0.6867810889427595}, "/work3/s174182/Test_data/Vegitative mix_Precision 1 Repeat (20hrs run)/A3_D2_3/INorm.png": {"dice": 0.5935287751464128, "Accuracy": 0.9921530615408302, "Specificity": 0.9997324817340386, "Precision": 0.9559557866026354, "Recall": 0.43036610304061634}, "/work3/s174182/Test_data/Vegitative mix_Precision 1 Repeat (20hrs run)/B1_D2_5/INorm.png": {"dice": 0.6556549700091647, "Accuracy": 0.9955515355181702, "Specificity": 0.9998158367446502, "Precision": 0.9586665924802159, "Recall": 0.4981892438918426}, "/work3/s174182/Test_data/Vegitative mix_Precision 1 Repeat (20hrs run)/A4_D2_4/INorm.png": {"dice": 0.6020096404850848, "Accuracy": 0.9930718877255544, "Specificity": 0.9998109898899179, "Precision": 0.9655867465376707, "Recall": 0.4373369987511139}, "/work3/s174182/Test_data/Vegitative mix_Precision 1 Repeat (20hrs run)/C3_D1_5/INorm.png": {"dice": 0.6478885269463804, "Accuracy": 0.9926536305494083, "Specificity": 0.9998106808882415, "Precision": 0.9731211098380023, "Recall": 0.48559495453651347}, "/work3/s174182/Test_data/burkholderiaprecision20220927015835/A2_D2_2/INorm.png": {"dice": 0.8082461505649592, "Accuracy": 0.9984530352926038, "Specificity": 0.9997348382479357, "Precision": 0.925101567540154, "Recall": 0.7176013904198502}, "/work3/s174182/Test_data/burkholderiaprecision20220927015835/B1_D2_5/INorm.png": {"dice": 0.7589011709321636, "Accuracy": 0.9995027492735804, "Specificity": 0.9996529156561054, "Precision": 0.6929564436704049, "Recall": 0.8387171128450595}, "/work3/s174182/Test_data/burkholderiaprecision20220927015835/B2_D2_6/INorm.png": {"dice": 0.8533068696907948, "Accuracy": 0.9988236996996432, "Specificity": 0.9997229242804113, "Precision": 0.9253802044377192, "Recall": 0.791649189162232}, "/work3/s174182/Test_data/burkholderiaprecision20220927015835/B3_D1_1/INorm.png": {"dice": 0.7333016275628638, "Accuracy": 0.9968986351751857, "Specificity": 0.9997927520338892, "Precision": 0.9539620669979476, "Recall": 0.595546171243639}, "/work3/s174182/Test_data/burkholderiaprecision20220927015835/C1_D1_3/INorm.png": {"dice": 0.6332082855495162, "Accuracy": 0.9947819091312397, "Specificity": 0.9998051916608502, "Precision": 0.9589206868355873, "Recall": 0.47266143905488756}, "/work3/s174182/Test_data/burkholderiaprecision20220927015835/C4_D1_6/INorm.png": {"dice": 0.27695835262470214, "Accuracy": 0.9979847580854015, "Specificity": 0.9997708787190636, "Precision": 0.6280057991298165, "Recall": 0.17765269901427252}, "/work3/s174182/Test_data/burkholderiaprecision20220927015835/A3_D2_3/INorm.png": {"dice": 0.7879598313392736, "Accuracy": 0.9982509580541176, "Specificity": 0.9997134923022469, "Precision": 0.9193321280811355, "Recall": 0.6894391719246564}, "/work3/s174182/Test_data/burkholderiaprecision20220927015835/A4_D2_4/INorm.png": {"dice": 0.804758381550163, "Accuracy": 0.9982406037847896, "Specificity": 0.9997068975942623, "Precision": 0.9255642871707273, "Recall": 0.7118471291475983}, "/work3/s174182/Test_data/burkholderiaprecision20220927015835/A1_D2_1/INorm.png": {"dice": 0.8372491811056701, "Accuracy": 0.998798566784776, "Specificity": 0.9997766741364675, "Precision": 0.9328597000527798, "Recall": 0.7594153000512851}, "/work3/s174182/Test_data/burkholderiaprecision20220927015835/B4_D1_2/INorm.png": {"dice": 0.7119869503560312, "Accuracy": 0.9965117787802062, "Specificity": 0.9998368648375483, "Precision": 0.9638110675356659, "Recall": 0.5644957560641793}, "/work3/s174182/Test_data/burkholderiaprecision20220927015835/C2_D1_4/INorm.png": {"dice": 0.7569272868659253, "Accuracy": 0.9984825618588475, "Specificity": 0.999801801597879, "Precision": 0.9228673611443374, "Recall": 0.6415675215671344}, "/work3/s174182/Test_data/burkholderiaprecision20220927015835/C3_D1_5/INorm.png": {"dice": 0.07001596426794933, "Accuracy": 0.9967245789860381, "Specificity": 0.9997324088978199, "Precision": 0.31610870421400855, "Recall": 0.03936783864385111}, "/work3/s174182/Test_data/burkholderiaprecision20220927024705/A2_D4_2/INorm.png": {"dice": 0.7399669977270869, "Accuracy": 0.9994867723594839,