{"/work3/s174182/Test_data/vegetativemixAccuracy20220930062912/A4_D3_1/INorm.png": {"dice": 0.93793736377193, "Accuracy": 0.9981881872166191, "Specificity": 0.9996736328778885, "Precision": 0.9770618765801129, "Recall": 0.9018255413883647}, "/work3/s174182/Test_data/vegetativemixAccuracy20220930062912/B3_D2_1/INorm.png": {"dice": 0.9657968297540973, "Accuracy": 0.9993721687256761, "Specificity": 0.9995859092434604, "Precision": 0.9557566100055008, "Recall": 0.9760502339491578}, "/work3/s174182/Test_data/vegetativemixAccuracy20220930062912/A1_D4_1/INorm.png": {"dice": 0.9596268190926079, "Accuracy": 0.9998111958901478, "Specificity": 0.9998377116092797, "Precision": 0.9326947637291274, "Recall": 0.9881604762869917}, "/work3/s174182/Test_data/vegetativemixAccuracy20220930062912/B4_D1_2/INorm.png": {"dice": 0.9637836373017963, "Accuracy": 0.9994004970233626, "Specificity": 0.9996588476734412, "Precision": 0.959310811160301, "Recall": 0.9682983682983322}, "/work3/s174182/Test_data/vegetativemixAccuracy20220930062912/C1_D1_3/INorm.png": {"dice": 0.9439635053447363, "Accuracy": 0.998502410102129, "Specificity": 0.9997634542337062, "Precision": 0.9818431411939478, "Recall": 0.9088980987044067}, "/work3/s174182/Test_data/vegetativemixAccuracy20220930062912/B2_D3_3/INorm.png": {"dice": 0.9532658376883124, "Accuracy": 0.9994829010302989, "Specificity": 0.9997198120068013, "Precision": 0.9498160086323243, "Recall": 0.9567408183626638}, "/work3/s174182/Test_data/vegetativemixAccuracy20220930062912/B1_D3_2/INorm.png": {"dice": 0.9626874759945964, "Accuracy": 0.9997552459659751, "Specificity": 0.9998235001667745, "Precision": 0.947220942022219, "Recall": 0.9786674793340274}, "/work3/s174182/Test_data/vegetativemixAccuracy20220930062912/A3_D4_3/INorm.png": {"dice": 0.9292951217181146, "Accuracy": 0.998658830236101, "Specificity": 0.9999116057739179, "Precision": 0.9901693780267308, "Recall": 0.8754722854648731}, "/work3/s174182/Test_data/vegetativemixAccuracy20220930062912/C2_D1_1/INorm.png": {"dice": 0.9621814618693619, "Accuracy": 0.9994805966676888, "Specificity": 0.9998219410792354, "Precision": 0.973936160576757, "Recall": 0.9507071207210929}, "/work3/s174182/Test_data/Vegitative mix_Precision 1 Repeat (20hrs run)/B3_D1_1/INorm.png": {"dice": 0.9767832037210753, "Accuracy": 0.9995722795747352, "Specificity": 0.9996261346571309, "Precision": 0.9604528668227509, "Recall": 0.993678467087616}, "/work3/s174182/Test_data/Vegitative mix_Precision 1 Repeat (20hrs run)/C4_D1_6/INorm.png": {"dice": 0.9814644218551349, "Accuracy": 0.999498017649021, "Specificity": 0.9996901085965367, "Precision": 0.9775141751091867, "Recall": 0.9854467249435346}, "/work3/s174182/Test_data/Vegitative mix_Precision 1 Repeat (20hrs run)/C1_D1_3/INorm.png": {"dice": 0.9663015846371276, "Accuracy": 0.9988033905838397, "Specificity": 0.999816838927157, "Precision": 0.9896267729569281, "Recall": 0.9440506119384909}, "/work3/s174182/Test_data/Vegitative mix_Precision 1 Repeat (20hrs run)/A2_D2_2/INorm.png": {"dice": 0.9838767581426371, "Accuracy": 0.9996591694075524, "Specificity": 0.9998562513296904, "Precision": 0.9865078740501447, "Recall": 0.9812596398046821}, "/work3/s174182/Test_data/Vegitative mix_Precision 1 Repeat (20hrs run)/C2_D1_4/INorm.png": {"dice": 0.9771361269011122, "Accuracy": 0.999560419788502, "Specificity": 0.9998010445517801, "Precision": 0.9794542710959437, "Recall": 0.9748289298309075}, "/work3/s174182/Test_data/Vegitative mix_Precision 1 Repeat (20hrs run)/A1_D2_1/INorm.png": {"dice": 0.931106209852129, "Accuracy": 0.9995614029832155, "Specificity": 0.999625928706412, "Precision": 0.8882341025026346, "Recall": 0.978326791817428}, "/work3/s174182/Test_data/Vegitative mix_Precision 1 Repeat (20hrs run)/B2_D2_6/INorm.png": {"dice": 0.9772948820892092, "Accuracy": 0.9997645555909198, "Specificity": 0.9997875314236543, "Precision": 0.9599532011245141, "Recall": 0.9952746496722431}, "/work3/s174182/Test_data/Vegitative mix_Precision 1 Repeat (20hrs run)/A3_D2_3/INorm.png": {"dice": 0.9584330115038819, "Accuracy": 0.9989280105137927, "Specificity": 0.9998797086414375, "Precision": 0.9904876114867449, "Recall": 0.9283881033821964}, "/work3/s174182/Test_data/Vegitative mix_Precision 1 Repeat (20hrs run)/B1_D2_5/INorm.png": {"dice": 0.985367702121115, "Accuracy": 0.9997508523145986, "Specificity": 0.9998615754229097, "Precision": 0.9839029927388341, "Recall": 0.9868367789503764}, "/work3/s174182/Test_data/Vegitative mix_Precision 1 Repeat (20hrs run)/A4_D2_4/INorm.png": {"dice": 0.9653843979314924, "Accuracy": 0.9991911072741937, "Specificity": 0.9998915011066013, "Precision": 0.9905855877733798, "Recall": 0.9414336673068939}, "/work3/s174182/Test_data/Vegitative mix_Precision 1 Repeat (20hrs run)/C3_D1_5/INorm.png": {"dice": 0.9824984458549016, "Accuracy": 0.9995138716637784, "Specificity": 0.9997841649955316, "Precision": 0.984641921987948, "Recall": 0.9803642817565308}, "/work3/s174182/Test_data/burkholderiaprecision20220927015835/A2_D2_2/INorm.png": {"dice": 0.950943191673862, "Accuracy": 0.9995551043920813, "Specificity": 0.9997853334902098, "Precision": 0.9527831146171424, "Recall": 0.9491103611980233}, "/work3/s174182/Test_data/burkholderiaprecision20220927015835/B1_D2_5/INorm.png": {"dice": 0.8477671307176449, "Accuracy": 0.9996895562691706, "Specificity": 0.9997580004694215, "Precision": 0.7814348804264142, "Recall": 0.9264052158448002}, "/work3/s174182/Test_data/burkholderiaprecision20220927015835/B2_D2_6/INorm.png": {"dice": 0.9530156478083194, "Accuracy": 0.9995767346757812, "Specificity": 0.999603996802597, "Precision": 0.915875107343906, "Recall": 0.9932957478119827}, "/work3/s174182/Test_data/burkholderiaprecision20220927015835/B3_D1_1/INorm.png": {"dice": 0.9539907721011338, "Accuracy": 0.9993271875675275, "Specificity": 0.9995076429534389, "Precision": 0.9345092308641845, "Recall": 0.9743018629861434}, "/work3/s174182/Test_data/burkholderiaprecision20220927015835/C1_D1_3/INorm.png": {"dice": 0.9418529996520142, "Accuracy": 0.9989064109549276, "Specificity": 0.9995747408405412, "Precision": 0.9546019014944728, "Recall": 0.9294401382565443}, "/work3/s174182/Test_data/burkholderiaprecision20220927015835/C4_D1_6/INorm.png": {"dice": 0.8333860987191801, "Accuracy": 0.9992885357253477, "Specificity": 0.9996810900273273, "Precision": 0.8482913181677119, "Recall": 0.8189956300998686}, "/work3/s174182/Test_data/burkholderiaprecision20220927015835/A3_D2_3/INorm.png": {"dice": 0.9304851120775868, "Accuracy": 0.9993615993825046, "Specificity": 0.9998017197562041, "Precision": 0.9558508152098543, "Recall": 0.906430880742497}, "/work3/s174182/Test_data/burkholderiaprecision20220927015835/A4_D2_4/INorm.png": {"dice": 0.9709265021004294, "Accuracy": 0.9997048572369015, "Specificity": 0.9998697391268145, "Precision": 0.974376886955723, "Recall": 0.967500467467234}, "/work3/s174182/Test_data/burkholderiaprecision20220927015835/A1_D2_1/INorm.png": {"dice": 0.9512249709050404, "Accuracy": 0.9995982420601419, "Specificity": 0.9997489396494783, "Precision": 0.9400047182329524, "Recall": 0.96271631783992}, "/work3/s174182/Test_data/burkholderiaprecision20220927015835/B4_D1_2/INorm.png": {"dice": 0.9669883412951611, "Accuracy": 0.9994929787761136, "Specificity": 0.9997026785035068, "Precision": 0.9617857967161586, "Recall": 0.9722474757632659}, "/work3/s174182/Test_data/burkholderiaprecision20220927015835/C2_D1_4/INorm.png": {"dice": 0.9434714008897198, "Accuracy": 0.9995849996563427, "Specificity": 0.9998036827403296, "Precision": 0.9465414878697256, "Recall": 0.9404211650452252}, "/work3/s174182/Test_data/burkholderiaprecision20220927015835/C3_D1_5/INorm.png": {"dice": 0.718939768791287, "Accuracy": 0.9984641884076366, "Specificity": 0.9996307292104102, "Precision": 0.8421725155442036, "Recall": 0.6271680269972701}, "/work3/s174182/Test_data/burkholderiaprecision20220927024705/A2_D4_2/INorm.png": {"dice": 0.8371141481335991, "Accuracy": 0.9996403965334889,