{"/work3/s174182/Test_data/vegetativemixAccuracy20220930062912/A4_D3_1/INorm.png": {"dice": 0.945043886855482, "Accuracy": 0.9983858093540592, "Specificity": 0.9996830548137338, "Precision": 0.9780051571724973, "Recall": 0.9142319368548691}, "/work3/s174182/Test_data/vegetativemixAccuracy20220930062912/B3_D2_1/INorm.png": {"dice": 0.9568589849561753, "Accuracy": 0.9991982047110328, "Specificity": 0.9993823210811663, "Precision": 0.9355980641594406, "Recall": 0.9791086586574402}, "/work3/s174182/Test_data/vegetativemixAccuracy20220930062912/A1_D4_1/INorm.png": {"dice": 0.9668920478906977, "Accuracy": 0.9998457920541337, "Specificity": 0.9998644414618688, "Precision": 0.9433389110566427, "Recall": 0.9916514444217588}, "/work3/s174182/Test_data/vegetativemixAccuracy20220930062912/B4_D1_2/INorm.png": {"dice": 0.9703206523648787, "Accuracy": 0.9995069585759482, "Specificity": 0.9996828262332629, "Precision": 0.9624368015145269, "Recall": 0.9783347319346954}, "/work3/s174182/Test_data/vegetativemixAccuracy20220930062912/C1_D1_3/INorm.png": {"dice": 0.9507468171405501, "Accuracy": 0.998678125432356, "Specificity": 0.9997952034612948, "Precision": 0.9844173393549072, "Recall": 0.9193034191439982}, "/work3/s174182/Test_data/vegetativemixAccuracy20220930062912/B2_D3_3/INorm.png": {"dice": 0.9586495157434562, "Accuracy": 0.9995370689140531, "Specificity": 0.9996813784569569, "Precision": 0.9442438069698785, "Recall": 0.9735015913536833}, "/work3/s174182/Test_data/vegetativemixAccuracy20220930062912/B1_D3_2/INorm.png": {"dice": 0.9670163306309852, "Accuracy": 0.9997831133911397, "Specificity": 0.9998294492530149, "Precision": 0.9492436543100284, "Recall": 0.9854672202962759}, "/work3/s174182/Test_data/vegetativemixAccuracy20220930062912/A3_D4_3/INorm.png": {"dice": 0.9502202978782688, "Accuracy": 0.999036346281301, "Specificity": 0.9999053983142212, "Precision": 0.9899204349292317, "Recall": 0.913581678681052}, "/work3/s174182/Test_data/vegetativemixAccuracy20220930062912/C2_D1_1/INorm.png": {"dice": 0.9690127375262182, "Accuracy": 0.999565950258766, "Specificity": 0.9997273269732931, "Precision": 0.9616322301456276, "Recall": 0.9765074116153928}, "/work3/s174182/Test_data/Vegitative mix_Precision 1 Repeat (20hrs run)/B3_D1_1/INorm.png": {"dice": 0.9728557861081529, "Accuracy": 0.9994968193804639, "Specificity": 0.9995303273997529, "Precision": 0.9509179395125184, "Recall": 0.9958297563342235}, "/work3/s174182/Test_data/Vegitative mix_Precision 1 Repeat (20hrs run)/C4_D1_6/INorm.png": {"dice": 0.9820785933659779, "Accuracy": 0.9995135951402652, "Specificity": 0.9996681514669445, "Precision": 0.976024823476975, "Recall": 0.9882079286643249}, "/work3/s174182/Test_data/Vegitative mix_Precision 1 Repeat (20hrs run)/C1_D1_3/INorm.png": {"dice": 0.98048314313894, "Accuracy": 0.9992959711353696, "Specificity": 0.999780726185305, "Precision": 0.9879724879458652, "Recall": 0.9731064903183538}, "/work3/s174182/Test_data/Vegitative mix_Precision 1 Repeat (20hrs run)/A2_D2_2/INorm.png": {"dice": 0.9871917614767787, "Accuracy": 0.9997283002858547, "Specificity": 0.9998538912305451, "Precision": 0.9863817002468664, "Recall": 0.988003154318024}, "/work3/s174182/Test_data/Vegitative mix_Precision 1 Repeat (20hrs run)/C2_D1_4/INorm.png": {"dice": 0.9791152253566177, "Accuracy": 0.9995961527713755, "Specificity": 0.9997630714551606, "Precision": 0.9758126836930875, "Recall": 0.9824401971850433}, "/work3/s174182/Test_data/Vegitative mix_Precision 1 Repeat (20hrs run)/A1_D2_1/INorm.png": {"dice": 0.936661882601906, "Accuracy": 0.9995972895902632, "Specificity": 0.999648025354748, "Precision": 0.8945779796188806, "Recall": 0.9829007819392316}, "/work3/s174182/Test_data/Vegitative mix_Precision 1 Repeat (20hrs run)/B2_D2_6/INorm.png": {"dice": 0.9785839471377868, "Accuracy": 0.9997777365450494, "Specificity": 0.999789785814072, "Precision": 0.9604432770422844, "Recall": 0.9974230848148484}, "/work3/s174182/Test_data/Vegitative mix_Precision 1 Repeat (20hrs run)/A3_D2_3/INorm.png": {"dice": 0.9593902973840989, "Accuracy": 0.9989473057100478, "Specificity": 0.9998221942383145, "Precision": 0.986087558232438, "Recall": 0.9341005294668648}, "/work3/s174182/Test_data/Vegitative mix_Precision 1 Repeat (20hrs run)/B1_D2_5/INorm.png": {"dice": 0.9893659418002884, "Accuracy": 0.9998188156491784, "Specificity": 0.9998903635205404, "Precision": 0.9872669231516349, "Recall": 0.9914739048720185}, "/work3/s174182/Test_data/Vegitative mix_Precision 1 Repeat (20hrs run)/A4_D2_4/INorm.png": {"dice": 0.9691389362837846, "Accuracy": 0.9992753240463833, "Specificity": 0.9998764188585938, "Precision": 0.9893832167196707, "Recall": 0.9497065015860723}, "/work3/s174182/Test_data/Vegitative mix_Precision 1 Repeat (20hrs run)/C3_D1_5/INorm.png": {"dice": 0.9851643603879794, "Accuracy": 0.9995880106901532, "Specificity": 0.999824826852155, "Precision": 0.9875298334649187, "Recall": 0.9828101924719596}, "/work3/s174182/Test_data/burkholderiaprecision20220927015835/A2_D2_2/INorm.png": {"dice": 0.9539518854529502, "Accuracy": 0.9995755056823892, "Specificity": 0.9997204859938664, "Precision": 0.9404856570169919, "Recall": 0.9678093447577945}, "/work3/s174182/Test_data/burkholderiaprecision20220927015835/B1_D2_5/INorm.png": {"dice": 0.8714700773238119, "Accuracy": 0.9997431096562287, "Specificity": 0.9998051148779672, "Precision": 0.8172827403261586, "Recall": 0.9333530903220608}, "/work3/s174182/Test_data/burkholderiaprecision20220927015835/B2_D2_6/INorm.png": {"dice": 0.9463313035275022, "Accuracy": 0.9995123046972035, "Specificity": 0.9995322206444768, "Precision": 0.9022643163852881, "Recall": 0.994923821779151}, "/work3/s174182/Test_data/burkholderiaprecision20220927015835/B3_D1_1/INorm.png": {"dice": 0.9527943660335034, "Accuracy": 0.999301010008277, "Specificity": 0.9994018372499699, "Precision": 0.9223488576696653, "Recall": 0.9853184157106691}, "/work3/s174182/Test_data/burkholderiaprecision20220927015835/C1_D1_3/INorm.png": {"dice": 0.9367204737000071, "Accuracy": 0.9987962624221659, "Specificity": 0.9994104876310195, "Precision": 0.9384940028092311, "Recall": 0.9349536350387255}, "/work3/s174182/Test_data/burkholderiaprecision20220927015835/C4_D1_6/INorm.png": {"dice": 0.7545367114950452, "Accuracy": 0.9990432900939661, "Specificity": 0.9997448904969012, "Precision": 0.8524304009403039, "Recall": 0.6768112457749605}, "/work3/s174182/Test_data/burkholderiaprecision20220927015835/A3_D2_3/INorm.png": {"dice": 0.9352974057146307, "Accuracy": 0.9993953967007857, "Specificity": 0.999737972488037, "Precision": 0.9436814098225151, "Recall": 0.9270610627313365}, "/work3/s174182/Test_data/burkholderiaprecision20220927015835/A4_D2_4/INorm.png": {"dice": 0.9683027014061413, "Accuracy": 0.9996751770464837, "Specificity": 0.9998065542651415, "Precision": 0.9626571600602729, "Recall": 0.9740148503802485}, "/work3/s174182/Test_data/burkholderiaprecision20220927015835/A1_D2_1/INorm.png": {"dice": 0.9559617236047147, "Accuracy": 0.999628966894943, "Specificity": 0.9996698392883654, "Precision": 0.9245125976920037, "Recall": 0.9896258041133618}, "/work3/s174182/Test_data/burkholderiaprecision20220927015835/B4_D1_2/INorm.png": {"dice": 0.966151139836965, "Accuracy": 0.9994773705600348, "Specificity": 0.9996538834729464, "Precision": 0.9559774433128969, "Recall": 0.9765437065046471}, "/work3/s174182/Test_data/burkholderiaprecision20220927015835/C2_D1_4/INorm.png": {"dice": 0.9459585264084479, "Accuracy": 0.9996040490539193, "Specificity": 0.9998205821839832, "Precision": 0.9509472459466177, "Recall": 0.9410218758863872}, "/work3/s174182/Test_data/burkholderiaprecision20220927015835/C3_D1_5/INorm.png": {"dice": 0.6595585372427649, "Accuracy": 0.9982537540140844, "Specificity": 0.9996932041198917, "Precision": 0.8468827393128879, "Recall": 0.5400937843352163}, "/work3/s174182/Test_data/burkholderiaprecision20220927024705/A2_D4_2/INorm.png": {"dice": 0.8985968270227529, "Accuracy": 0.999768857067792,