{"Training loss": 1.0448822652971423, "Validation loss": 1.0437381267547607, "Dice score": 0.0, "_timestamp": 1665573667.791651, "_runtime": 186.6028459072113, "_step": 14, "_wandb": {"runtime": 185}}