{"/work3/s174182/Test_data/vegetativemixAccuracy20220930062912/A4_D3_1/INorm_rgb.png": {"dice": 0.7534652480358147, "Accuracy": 0.9939849069165013, "Specificity": 0.9999739180848782, "Precision": 0.9972133240443802, "Recall": 0.6054705525197206}, "/work3/s174182/Test_data/vegetativemixAccuracy20220930062912/B3_D2_1/INorm_rgb.png": {"dice": 0.7017376971567193, "Accuracy": 0.9958190259299478, "Specificity": 0.9999820162756423, "Precision": 0.9963898692260628, "Recall": 0.5415813815012487}, "/work3/s174182/Test_data/vegetativemixAccuracy20220930062912/A1_D4_1/INorm_rgb.png": {"dice": 0.6417025022234267, "Accuracy": 0.9987993656304809, "Specificity": 0.9999949188644268, "Precision": 0.9953069002784587, "Recall": 0.4734862323252184}, "/work3/s174182/Test_data/vegetativemixAccuracy20220930062912/B4_D1_2/INorm_rgb.png": {"dice": 0.6439336507262474, "Accuracy": 0.9956707478771981, "Specificity": 0.9999941447702757, "Precision": 0.9985187971691786, "Recall": 0.47518881118879347}, "/work3/s174182/Test_data/vegetativemixAccuracy20220930062912/C1_D1_3/INorm_rgb.png": {"dice": 0.7323690282642965, "Accuracy": 0.9941127529541084, "Specificity": 0.9999348190538608, "Precision": 0.9920836739018182, "Recall": 0.5804220575082008}, "/work3/s174182/Test_data/vegetativemixAccuracy20220930062912/B2_D3_3/INorm_rgb.png": {"dice": 0.7099408173926479, "Accuracy": 0.9975093219916907, "Specificity": 0.9999733683923101, "Precision": 0.9913857715329738, "Recall": 0.552960586822111}, "/work3/s174182/Test_data/vegetativemixAccuracy20220930062912/B1_D3_2/INorm_rgb.png": {"dice": 0.6239574345699908, "Accuracy": 0.9982324002538977, "Specificity": 0.9999921398083349, "Precision": 0.9946857285759848, "Recall": 0.4545445887775271}, "/work3/s174182/Test_data/vegetativemixAccuracy20220930062912/A3_D4_3/INorm_rgb.png": {"dice": 0.7751876330233977, "Accuracy": 0.9963002997422709, "Specificity": 0.9999889817590379, "Precision": 0.9982929245327903, "Recall": 0.6335888812251456}, "/work3/s174182/Test_data/vegetativemixAccuracy20220930062912/C2_D1_1/INorm_rgb.png": {"dice": 0.5771855948714544, "Accuracy": 0.9958660349271934, "Specificity": 0.999994276125049, "Precision": 0.9979895893327613, "Recall": 0.4059964898164711}, "/work3/s174182/Test_data/Vegitative mix_Precision 1 Repeat (20hrs run)/B3_D1_1/INorm_rgb.png": {"dice": 0.7330861374394765, "Accuracy": 0.9961626832071971, "Specificity": 0.999947383522404, "Precision": 0.9902025310608638, "Recall": 0.581971246017211}, "/work3/s174182/Test_data/Vegitative mix_Precision 1 Repeat (20hrs run)/C4_D1_6/INorm_rgb.png": {"dice": 0.7995917327224497, "Accuracy": 0.9954331527296819, "Specificity": 0.9998064346660778, "Precision": 0.9794702905539889, "Recall": 0.6755312241564163}, "/work3/s174182/Test_data/Vegitative mix_Precision 1 Repeat (20hrs run)/C1_D1_3/INorm_rgb.png": {"dice": 0.8289714962165093, "Accuracy": 0.9945666816634585, "Specificity": 0.9995643313760265, "Precision": 0.9685369287685068, "Recall": 0.7245625810465471}, "/work3/s174182/Test_data/Vegitative mix_Precision 1 Repeat (20hrs run)/A2_D2_2/INorm_rgb.png": {"dice": 0.7643139314349428, "Accuracy": 0.9956702562798413, "Specificity": 0.9992393959425607, "Precision": 0.9031858966757222, "Recall": 0.662456077280773}, "/work3/s174182/Test_data/Vegitative mix_Precision 1 Repeat (20hrs run)/C2_D1_4/INorm_rgb.png": {"dice": 0.7060049655749503, "Accuracy": 0.9955104256892064, "Specificity": 0.9997531128244296, "Precision": 0.9566103986739424, "Recall": 0.5594456880113592}, "/work3/s174182/Test_data/Vegitative mix_Precision 1 Repeat (20hrs run)/A1_D2_1/INorm_rgb.png": {"dice": 0.6457053414204235, "Accuracy": 0.9983309040742698, "Specificity": 0.9998389440945549, "Precision": 0.9045113194100195, "Recall": 0.5020537317065241}, "/work3/s174182/Test_data/Vegitative mix_Precision 1 Repeat (20hrs run)/B2_D2_6/INorm_rgb.png": {"dice": 0.7300819900634027, "Accuracy": 0.9978283379514297, "Specificity": 0.9999824281075664, "Precision": 0.9940827171662565, "Recall": 0.5768789755102185}, "/work3/s174182/Test_data/Vegitative mix_Precision 1 Repeat (20hrs run)/A3_D2_3/INorm_rgb.png": {"dice": 0.7732596738760711, "Accuracy": 0.9948373060083858, "Specificity": 0.9993372609411652, "Precision": 0.9308549002280384, "Recall": 0.6613004482234779}, "/work3/s174182/Test_data/Vegitative mix_Precision 1 Repeat (20hrs run)/B1_D2_5/INorm_rgb.png": {"dice": 0.7757858725155921, "Accuracy": 0.996880845495836, "Specificity": 0.9999854974922588, "Precision": 0.9973423738052892, "Recall": 0.634773022986821}, "/work3/s174182/Test_data/Vegitative mix_Precision 1 Repeat (20hrs run)/A4_D2_4/INorm_rgb.png": {"dice": 0.7907541750745758, "Accuracy": 0.9958454492878767, "Specificity": 0.9999761793773734, "Precision": 0.9970109066785945, "Recall": 0.6552079620259813}, "/work3/s174182/Test_data/Vegitative mix_Precision 1 Repeat (20hrs run)/C3_D1_5/INorm_rgb.png": {"dice": 0.7848912892588289, "Accuracy": 0.9949533229845945, "Specificity": 0.9996597802203278, "Precision": 0.9648437625770412, "Recall": 0.6615128884925052}, "/work3/s174182/Test_data/burkholderiaprecision20220927015835/A2_D2_2/INorm_rgb.png": {"dice": 0.7761008522726973, "Accuracy": 0.9982177752325324, "Specificity": 0.9996706697829677, "Precision": 0.9040493511864874, "Recall": 0.6798788116508071}, "/work3/s174182/Test_data/burkholderiaprecision20220927015835/B1_D2_5/INorm_rgb.png": {"dice": 0.6408632121287553, "Accuracy": 0.9994774320097044, "Specificity": 0.9999442130958862, "Precision": 0.8932250279587419, "Recall": 0.49968718100678333}, "/work3/s174182/Test_data/burkholderiaprecision20220927015835/B2_D2_6/INorm_rgb.png": {"dice": 0.8386728974963932, "Accuracy": 0.9987653532383561, "Specificity": 0.9998772769643829, "Precision": 0.9633209440452135, "Recall": 0.742586575854686}, "/work3/s174182/Test_data/burkholderiaprecision20220927015835/B3_D1_1/INorm_rgb.png": {"dice": 0.9476894127134605, "Accuracy": 0.9992347058147764, "Specificity": 0.9994578502137835, "Precision": 0.9279477509119766, "Recall": 0.9682893229132723}, "/work3/s174182/Test_data/burkholderiaprecision20220927015835/C1_D1_3/INorm_rgb.png": {"dice": 0.8322180640116027, "Accuracy": 0.9972312622367415, "Specificity": 0.9998928554134675, "Precision": 0.9847802522229915, "Recall": 0.7205850110269703}, "/work3/s174182/Test_data/burkholderiaprecision20220927015835/C4_D1_6/INorm_rgb.png": {"dice": 0.5337526205450304, "Accuracy": 0.9982233671524663, "Specificity": 0.9993776682960621, "Precision": 0.6208707722897409, "Recall": 0.468074274158127}, "/work3/s174182/Test_data/burkholderiaprecision20220927015835/A3_D2_3/INorm_rgb.png": {"dice": 0.7556471646887519, "Accuracy": 0.9980476825470741, "Specificity": 0.9997414299669884, "Precision": 0.921445050925579, "Recall": 0.6404156020232152}, "/work3/s174182/Test_data/burkholderiaprecision20220927015835/A4_D2_4/INorm_rgb.png": {"dice": 0.958888661366353, "Accuracy": 0.9995743688635016, "Specificity": 0.9997028829158568, "Precision": 0.9437946908444557, "Recall": 0.9744732699185716}, "/work3/s174182/Test_data/burkholderiaprecision20220927015835/A1_D2_1/INorm_rgb.png": {"dice": 0.9285268481652523, "Accuracy": 0.9993877769417551, "Specificity": 0.9994781967598033, "Precision": 0.8844245828378715, "Recall": 0.977258312947285}, "/work3/s174182/Test_data/burkholderiaprecision20220927015835/B4_D1_2/INorm_rgb.png": {"dice": 0.856816556991728, "Accuracy": 0.998073952280829, "Specificity": 0.999948666141707, "Precision": 0.991237666407655, "Recall": 0.7544993764833358}, "/work3/s174182/Test_data/burkholderiaprecision20220927015835/C2_D1_4/INorm_rgb.png": {"dice": 0.560861638671055, "Accuracy": 0.9969508673943475, "Specificity": 0.9986814733342041, "Precision": 0.5971355884292285, "Recall": 0.5287423451083342}, "/work3/s174182/Test_data/burkholderiaprecision20220927015835/C3_D1_5/INorm_rgb.png": {"dice": 0.6370027869267394, "Accuracy": 0.998239159717554, "Specificity": 0.999825581888132, "Precision": 0.8988452738451133, "Recall": 0.4932997174697366},