{"/work3/s174182/Test_data/vegetativemixAccuracy20220930062912/A4_D3_1/INorm.png": {"dice": 0.935787683829315, "Accuracy": 0.9981226511439886, "Specificity": 0.9996183803998023, "Precision": 0.9732611670477335, "Recall": 0.9010928961748451}, "/work3/s174182/Test_data/vegetativemixAccuracy20220930062912/B3_D2_1/INorm.png": {"dice": 0.956175165871701, "Accuracy": 0.9991928893146123, "Specificity": 0.9994647671554184, "Precision": 0.943185707891172, "Recall": 0.9695273989518477}, "/work3/s174182/Test_data/vegetativemixAccuracy20220930062912/A1_D4_1/INorm.png": {"dice": 0.9551505970996457, "Accuracy": 0.9997889511097519, "Specificity": 0.9998119055995219, "Precision": 0.9229293897944629, "Recall": 0.989702997090726}, "/work3/s174182/Test_data/vegetativemixAccuracy20220930062912/B4_D1_2/INorm.png": {"dice": 0.9688741463559412, "Accuracy": 0.9994850824935698, "Specificity": 0.9997066808728787, "Precision": 0.9649725122270288, "Recall": 0.9728074592074228}, "/work3/s174182/Test_data/vegetativemixAccuracy20220930062912/C1_D1_3/INorm.png": {"dice": 0.9351367989453219, "Accuracy": 0.9982842330502071, "Specificity": 0.9997913399635313, "Precision": 0.9836356394611274, "Recall": 0.8911957705693062}, "/work3/s174182/Test_data/vegetativemixAccuracy20220930062912/B2_D3_3/INorm.png": {"dice": 0.9588622375515511, "Accuracy": 0.9995426608339869, "Specificity": 0.9997234267377754, "Precision": 0.9509280475370313, "Recall": 0.9669299414180624}, "/work3/s174182/Test_data/vegetativemixAccuracy20220930062912/B1_D3_2/INorm.png": {"dice": 0.9602582884656209, "Accuracy": 0.999738285857165, "Specificity": 0.9998020464671717, "Precision": 0.9412604042805323, "Recall": 0.9800388556625481}, "/work3/s174182/Test_data/vegetativemixAccuracy20220930062912/A3_D4_3/INorm.png": {"dice": 0.9523037495564255, "Accuracy": 0.999070788821113, "Specificity": 0.9998604252687182, "Precision": 0.9853237297372831, "Recall": 0.9214251271126672}, "/work3/s174182/Test_data/vegetativemixAccuracy20220930062912/C2_D1_1/INorm.png": {"dice": 0.9657650450957083, "Accuracy": 0.9995213685234698, "Specificity": 0.9997182615929658, "Precision": 0.9602067883565324, "Recall": 0.9713880255880454}, "/work3/s174182/Test_data/Vegitative mix_Precision 1 Repeat (20hrs run)/B3_D1_1/INorm.png": {"dice": 0.9716187794982036, "Accuracy": 0.9994734377811803, "Specificity": 0.9995105148309941, "Precision": 0.9489330180531033, "Recall": 0.9954157858482833}, "/work3/s174182/Test_data/Vegitative mix_Precision 1 Repeat (20hrs run)/C4_D1_6/INorm.png": {"dice": 0.985058969350522, "Accuracy": 0.9995974124896023, "Specificity": 0.9998099228909209, "Precision": 0.986067546034376, "Recall": 0.984052453757789}, "/work3/s174182/Test_data/Vegitative mix_Precision 1 Repeat (20hrs run)/C1_D1_3/INorm.png": {"dice": 0.9823291835233146, "Accuracy": 0.9993609234361389, "Specificity": 0.9997665502129834, "Precision": 0.9872609507155727, "Recall": 0.9774464437572639}, "/work3/s174182/Test_data/Vegitative mix_Precision 1 Repeat (20hrs run)/A2_D2_2/INorm.png": {"dice": 0.9834457921459434, "Accuracy": 0.999649183836242, "Specificity": 0.9998244831530374, "Precision": 0.9836083640265368, "Recall": 0.983283273996562}, "/work3/s174182/Test_data/Vegitative mix_Precision 1 Repeat (20hrs run)/C2_D1_4/INorm.png": {"dice": 0.9748254174937326, "Accuracy": 0.999514086737622, "Specificity": 0.999739400317317, "Precision": 0.9732993429730872, "Recall": 0.9763562851147916}, "/work3/s174182/Test_data/Vegitative mix_Precision 1 Repeat (20hrs run)/A1_D2_1/INorm.png": {"dice": 0.9494881539905438, "Accuracy": 0.999690877437067, "Specificity": 0.9998144744449331, "Precision": 0.9401471465499165, "Recall": 0.9590166428331397}, "/work3/s174182/Test_data/Vegitative mix_Precision 1 Repeat (20hrs run)/B2_D2_6/INorm.png": {"dice": 0.9680903778546996, "Accuracy": 0.9996656216228605, "Specificity": 0.9996829030026284, "Precision": 0.9414444983033878, "Recall": 0.9962885179417872}, "/work3/s174182/Test_data/Vegitative mix_Precision 1 Repeat (20hrs run)/A3_D2_3/INorm.png": {"dice": 0.956191696170691, "Accuracy": 0.9988651782266246, "Specificity": 0.9997896847435336, "Precision": 0.9835203579942128, "Recall": 0.9303407144802285}, "/work3/s174182/Test_data/Vegitative mix_Precision 1 Repeat (20hrs run)/B1_D2_5/INorm.png": {"dice": 0.9851271176515982, "Accuracy": 0.9997463664887176, "Specificity": 0.9998461122789724, "Precision": 0.9821596008003757, "Recall": 0.9881126210784665}, "/work3/s174182/Test_data/Vegitative mix_Precision 1 Repeat (20hrs run)/A4_D2_4/INorm.png": {"dice": 0.9700036093133187, "Accuracy": 0.9992926835780459, "Specificity": 0.9998355257531714, "Precision": 0.985989700880485, "Recall": 0.9545276201368645}, "/work3/s174182/Test_data/Vegitative mix_Precision 1 Repeat (20hrs run)/C3_D1_5/INorm.png": {"dice": 0.9832401615715674, "Accuracy": 0.9995351946991303, "Specificity": 0.9998167879563628, "Precision": 0.9869226680425817, "Recall": 0.9795850340286008}, "/work3/s174182/Test_data/burkholderiaprecision20220927015835/A2_D2_2/INorm.png": {"dice": 0.9493687787487416, "Accuracy": 0.9995339657057383, "Specificity": 0.9997066584458598, "Precision": 0.9373537496126836, "Recall": 0.9616958253588674}, "/work3/s174182/Test_data/burkholderiaprecision20220927015835/B1_D2_5/INorm.png": {"dice": 0.8564557074777155, "Accuracy": 0.999702921572309, "Specificity": 0.9997495124950361, "Precision": 0.7798053527978428, "Recall": 0.9498172478511147}, "/work3/s174182/Test_data/burkholderiaprecision20220927015835/B2_D2_6/INorm.png": {"dice": 0.9387690664373284, "Accuracy": 0.9994399169864123, "Specificity": 0.9994657829538348, "Precision": 0.8897689937090333, "Recall": 0.9934805946379495}, "/work3/s174182/Test_data/burkholderiaprecision20220927015835/B3_D1_1/INorm.png": {"dice": 0.9509058907925929, "Accuracy": 0.9992766759391145, "Specificity": 0.9994268109857697, "Precision": 0.9248646127010152, "Recall": 0.9784561376403471}, "/work3/s174182/Test_data/burkholderiaprecision20220927015835/C1_D1_3/INorm.png": {"dice": 0.9329946616715713, "Accuracy": 0.9987404661221673, "Specificity": 0.9994959179122325, "Precision": 0.946130334754356, "Recall": 0.9202187342816681}, "/work3/s174182/Test_data/burkholderiaprecision20220927015835/C4_D1_6/INorm.png": {"dice": 0.7083979180602793, "Accuracy": 0.9989017715048726, "Specificity": 0.9997398098610519, "Precision": 0.8370833092330698, "Recall": 0.6140063073636897}, "/work3/s174182/Test_data/burkholderiaprecision20220927015835/A3_D2_3/INorm.png": {"dice": 0.9228805593574999, "Accuracy": 0.9992815611878479, "Specificity": 0.9996950627046218, "Precision": 0.9340539024894394, "Recall": 0.9119713719559295}, "/work3/s174182/Test_data/burkholderiaprecision20220927015835/A4_D2_4/INorm.png": {"dice": 0.9663990626886438, "Accuracy": 0.9996545914071671, "Specificity": 0.9997800882698072, "Precision": 0.9578107318691037, "Recall": 0.9751428037179648}, "/work3/s174182/Test_data/burkholderiaprecision20220927015835/A1_D2_1/INorm.png": {"dice": 0.9540407042883738, "Accuracy": 0.9996152021689522, "Specificity": 0.9996893675756449, "Precision": 0.9281083551099595, "Recall": 0.9814638639726238}, "/work3/s174182/Test_data/burkholderiaprecision20220927015835/B4_D1_2/INorm.png": {"dice": 0.963449942572722, "Accuracy": 0.9994368137780975, "Specificity": 0.9996493011985028, "Precision": 0.9552140253208222, "Recall": 0.971829116215416}, "/work3/s174182/Test_data/burkholderiaprecision20220927015835/C2_D1_4/INorm.png": {"dice": 0.9370359221352207, "Accuracy": 0.9995372839878968, "Specificity": 0.9997759898563862, "Precision": 0.9391247506829242, "Recall": 0.9349563650318765}, "/work3/s174182/Test_data/burkholderiaprecision20220927015835/C3_D1_5/INorm.png": {"dice": 0.4550065352936845, "Accuracy": 0.9973224842712658, "Specificity": 0.9993346591657731, "Precision": 0.6275856120071375, "Recall": 0.35687097786843147}, "/work3/s174182/Test_data/burkholderiaprecision20220927024705/A2_D4_2/INorm.png": {"dice": 0.8460177500322427, "Accuracy": 0.9996710906434552,