{"/work3/s174182/Test_data/vegetativemixAccuracy20220930062912/A4_D3_1/INorm.png": {"dice": 0.9194635835741903, "Accuracy": 0.9976243250483509, "Specificity": 0.9992325802055545, "Precision": 0.9472117602875487, "Recall": 0.8932948795790144}, "/work3/s174182/Test_data/vegetativemixAccuracy20220930062912/B3_D2_1/INorm.png": {"dice": 0.9523951609427317, "Accuracy": 0.9991176441941845, "Specificity": 0.9993671279347264, "Precision": 0.9336618120715633, "Recall": 0.9718956481728628}, "/work3/s174182/Test_data/vegetativemixAccuracy20220930062912/A1_D4_1/INorm.png": {"dice": 0.9080484895419656, "Accuracy": 0.9995476382572247, "Specificity": 0.9995838088044435, "Precision": 0.8432352804712984, "Recall": 0.9836546918339782}, "/work3/s174182/Test_data/vegetativemixAccuracy20220930062912/B4_D1_2/INorm.png": {"dice": 0.9467912745054544, "Accuracy": 0.9991120522742507, "Specificity": 0.9994455500192135, "Precision": 0.9349244961256882, "Recall": 0.9589631701631344}, "/work3/s174182/Test_data/vegetativemixAccuracy20220930062912/C1_D1_3/INorm.png": {"dice": 0.9170267457806892, "Accuracy": 0.9977804379339749, "Specificity": 0.9993846756666843, "Precision": 0.9528607232366403, "Recall": 0.8837902818734694}, "/work3/s174182/Test_data/vegetativemixAccuracy20220930062912/B2_D3_3/INorm.png": {"dice": 0.920556548160328, "Accuracy": 0.9990874109567404, "Specificity": 0.9993085050541659, "Precision": 0.8849071060168517, "Recall": 0.9591989164301861}, "/work3/s174182/Test_data/vegetativemixAccuracy20220930062912/B1_D3_2/INorm.png": {"dice": 0.9142034068135864, "Accuracy": 0.9994106976685165, "Specificity": 0.9994956531136512, "Precision": 0.8619799574855028, "Recall": 0.973162927126493}, "/work3/s174182/Test_data/vegetativemixAccuracy20220930062912/A3_D4_3/INorm.png": {"dice": 0.917451258588517, "Accuracy": 0.998409006604334, "Specificity": 0.9996314631178037, "Precision": 0.9603708598662021, "Recall": 0.8782037587513695}, "/work3/s174182/Test_data/vegetativemixAccuracy20220930062912/C2_D1_1/INorm.png": {"dice": 0.9336724634251935, "Accuracy": 0.9990697749015646, "Specificity": 0.9994687625248436, "Precision": 0.9254330917255084, "Recall": 0.9420598676386305}, "/work3/s174182/Test_data/Vegitative mix_Precision 1 Repeat (20hrs run)/B3_D1_1/INorm.png": {"dice": 0.9568241070581421, "Accuracy": 0.9991889258109229, "Specificity": 0.9992498198730541, "Precision": 0.9236025374250969, "Recall": 0.9925247788481104}, "/work3/s174182/Test_data/Vegitative mix_Precision 1 Repeat (20hrs run)/C4_D1_6/INorm.png": {"dice": 0.9664133476035549, "Accuracy": 0.9990801598957273, "Specificity": 0.9993237515534277, "Precision": 0.95200772721343, "Recall": 0.981261633165406}, "/work3/s174182/Test_data/Vegitative mix_Precision 1 Repeat (20hrs run)/C1_D1_3/INorm.png": {"dice": 0.9535829663274944, "Accuracy": 0.9983471882367143, "Specificity": 0.9995343521674526, "Precision": 0.9737772866893124, "Recall": 0.9342092138208846}, "/work3/s174182/Test_data/Vegitative mix_Precision 1 Repeat (20hrs run)/A2_D2_2/INorm.png": {"dice": 0.9605178289086755, "Accuracy": 0.9991499052707256, "Specificity": 0.9994007832485873, "Precision": 0.9457746003911517, "Recall": 0.9757279864549588}, "/work3/s174182/Test_data/Vegitative mix_Precision 1 Repeat (20hrs run)/C2_D1_4/INorm.png": {"dice": 0.9515447887747236, "Accuracy": 0.9990492199870826, "Specificity": 0.9993431026570089, "Precision": 0.9348526384773431, "Recall": 0.9688438653886315}, "/work3/s174182/Test_data/Vegitative mix_Precision 1 Repeat (20hrs run)/A1_D2_1/INorm.png": {"dice": 0.9040802767083762, "Accuracy": 0.9993967485935169, "Specificity": 0.9995820435917251, "Precision": 0.8721663477579745, "Recall": 0.9384184744575675}, "/work3/s174182/Test_data/Vegitative mix_Precision 1 Repeat (20hrs run)/B2_D2_6/INorm.png": {"dice": 0.9455858319235259, "Accuracy": 0.9994179180046948, "Specificity": 0.9994486934556803, "Precision": 0.902159913625328, "Recall": 0.9934038213177273}, "/work3/s174182/Test_data/Vegitative mix_Precision 1 Repeat (20hrs run)/A3_D2_3/INorm.png": {"dice": 0.9376487531620896, "Accuracy": 0.9983611987613836, "Specificity": 0.9993421809604902, "Precision": 0.9499618644268306, "Recall": 0.9256507549634422}, "/work3/s174182/Test_data/Vegitative mix_Precision 1 Repeat (20hrs run)/B1_D2_5/INorm.png": {"dice": 0.963241399946512, "Accuracy": 0.9993621217046962, "Specificity": 0.9995011819078982, "Precision": 0.9441295602766642, "Recall": 0.9831429810611181}, "/work3/s174182/Test_data/Vegitative mix_Precision 1 Repeat (20hrs run)/A4_D2_4/INorm.png": {"dice": 0.9511714456306274, "Accuracy": 0.9988466818760744, "Specificity": 0.9995897317567768, "Precision": 0.9651715945089502, "Recall": 0.9375716436167381}, "/work3/s174182/Test_data/Vegitative mix_Precision 1 Repeat (20hrs run)/C3_D1_5/INorm.png": {"dice": 0.9674433450366955, "Accuracy": 0.9990848915202867, "Specificity": 0.9993983603145261, "Precision": 0.9581906958112538, "Recall": 0.9768764307363345}, "/work3/s174182/Test_data/burkholderiaprecision20220927015835/A2_D2_2/INorm.png": {"dice": 0.905200625257922, "Accuracy": 0.9991037258440196, "Specificity": 0.9993650130688845, "Precision": 0.8712932609293516, "Recall": 0.9418539382831463}, "/work3/s174182/Test_data/burkholderiaprecision20220927015835/B1_D2_5/INorm.png": {"dice": 0.7519844908437359, "Accuracy": 0.9994182559778776, "Specificity": 0.9994689172838281, "Precision": 0.624366475974893, "Recall": 0.9451743554279215}, "/work3/s174182/Test_data/burkholderiaprecision20220927015835/B2_D2_6/INorm.png": {"dice": 0.8970588708147221, "Accuracy": 0.9990163444138456, "Specificity": 0.9990479630136158, "Precision": 0.8188862667746339, "Recall": 0.9917316592845722}, "/work3/s174182/Test_data/burkholderiaprecision20220927015835/B3_D1_1/INorm.png": {"dice": 0.9383526604767144, "Accuracy": 0.9990854752921479, "Specificity": 0.9992794752284676, "Precision": 0.9067986582016657, "Recall": 0.9721818095985643}, "/work3/s174182/Test_data/burkholderiaprecision20220927015835/C1_D1_3/INorm.png": {"dice": 0.9278431959010753, "Accuracy": 0.9986361245831831, "Specificity": 0.999390727613179, "Precision": 0.9356117230526837, "Recall": 0.9202026129460477}, "/work3/s174182/Test_data/burkholderiaprecision20220927015835/C4_D1_6/INorm.png": {"dice": 0.730696947516223, "Accuracy": 0.9987452284715614, "Specificity": 0.9992138254878562, "Precision": 0.6845408717998561, "Recall": 0.7835273154105042}, "/work3/s174182/Test_data/burkholderiaprecision20220927015835/A3_D2_3/INorm.png": {"dice": 0.8710340719103435, "Accuracy": 0.9987628338019024, "Specificity": 0.9992952917008616, "Precision": 0.8562522826592914, "Recall": 0.8863351932001299}, "/work3/s174182/Test_data/burkholderiaprecision20220927015835/A4_D2_4/INorm.png": {"dice": 0.9260093400094468, "Accuracy": 0.9992177149811314, "Specificity": 0.9994132701921181, "Precision": 0.8934579753706234, "Recall": 0.9610222755704029}, "/work3/s174182/Test_data/burkholderiaprecision20220927015835/A1_D2_1/INorm.png": {"dice": 0.9087982832617696, "Accuracy": 0.9992269631564066, "Specificity": 0.9994424720257281, "Precision": 0.8739994980059071, "Recall": 0.9464830418893307}, "/work3/s174182/Test_data/burkholderiaprecision20220927015835/B4_D1_2/INorm.png": {"dice": 0.9474828563337813, "Accuracy": 0.9991851466562424, "Specificity": 0.9994684252032398, "Precision": 0.9330400496085935, "Recall": 0.9623798221971535}, "/work3/s174182/Test_data/burkholderiaprecision20220927015835/C2_D1_4/INorm.png": {"dice": 0.8792322970129243, "Accuracy": 0.9990565324977653, "Specificity": 0.999302188666067, "Precision": 0.8316456732163628, "Recall": 0.9325952376978648}, "/work3/s174182/Test_data/burkholderiaprecision20220927015835/C3_D1_5/INorm.png": {"dice": 0.5395221136820056, "Accuracy": 0.9971554947941222, "Specificity": 0.998616737080646, "Precision": 0.5471972234552901, "Recall": 0.5320593313451055}, "/work3/s174182/Test_data/burkholderiaprecision20220927024705/A2_D4_2/INorm.png": {"dice": 0.7098844204615027, "Accuracy": 0.999266567468465,