{"Training loss": 0.2156576572008428, "Validation loss": 0.5520039648485825, "Dice score": 0.0, "_timestamp": 1665612172.3660505, "_runtime": 36120.503252506256, "_step": 14, "_wandb": {"runtime": 36119}}